ulpin,state,state_parcel_id,canonical_survey_no,canonical_owner,area_hectare,land_type,land_use
MH-27-PUN-000001,Maharashtra,MH-PAR-0001,123/4,Rajendra Patil,2.45,Agricultural,Agricultural
MH-27-PUN-000002,Maharashtra,MH-PAR-0002,124/2,Sneha Kulkarni,1.82,Agricultural,Agricultural
MH-27-PUN-000003,Maharashtra,MH-PAR-0003,125/1,Vijay Jadhav,3.1,Agricultural,Agricultural
MH-27-PUN-000004,Maharashtra,MH-PAR-0004,126/3,Meena Shinde,1.36,Residential,Residential
MH-27-PUN-000005,Maharashtra,MH-PAR-0005,127/2,Sanjay Deshmukh,4.2,Agricultural,Agricultural
MH-27-PUN-000006,Maharashtra,MH-PAR-0006,128/1,Pooja Pawar,2.18,Residential,Residential
MH-27-PUN-000007,Maharashtra,MH-PAR-0007,129/4,Amit Bhosale,1.74,Commercial,Commercial
MH-27-PUN-000008,Maharashtra,MH-PAR-0008,130/2,Neha Gaikwad,3.65,Agricultural,Agricultural
MH-27-PUN-000009,Maharashtra,MH-PAR-0009,131/1,Rohit More,2.05,Residential,Residential
MH-27-PUN-000010,Maharashtra,MH-PAR-0010,132/3,Kavita Chavan,2.92,Agricultural,Agricultural
